nombre_completo,correo,rol,especialidad,certificaciones,activo,observaciones
,,Tecnico,Mecanica,,SI,COMPLETAR CON EL EQUIPO REAL
,,Tecnico,Electrica,,SI,COMPLETAR CON EL EQUIPO REAL
,,Tecnico,Instrumentacion,,SI,COMPLETAR CON EL EQUIPO REAL
,,Tecnico,Estructuras,,SI,COMPLETAR CON EL EQUIPO REAL
,,Tecnico,Buceo,,SI,COMPLETAR CON EL EQUIPO REAL
,,Supervisor,Mecanica,,SI,COMPLETAR CON EL EQUIPO REAL
,,Planificador,,,SI,COMPLETAR CON EL EQUIPO REAL
,,Almacenero,,,SI,COMPLETAR CON EL EQUIPO REAL
,,Administrador,,,SI,COMPLETAR CON EL EQUIPO REAL
